trainingr2,trainingmae,testingr2,testingmae
0.9872321075972321,0.3136630283751,0.9475934137588276,0.7748934459187776
0.9880467774079307,0.31508007719313236,0.9666828096685542,0.7637409472537332
