model_type,week,R2_testing,R2_training,MAE_testing,MAE_training
mobility,1,0.935246769662115,0.974899678708037,3.4240172288877866,1.9622008603590915
mobility,2,0.945508472725825,0.9756694332128271,3.4225933995716264,2.0029092842921843
mobility,3,0.9322647785098398,0.9716684624397276,3.5387640242200233,2.070425299981069
mobility,4,0.9240038655885456,0.971521160052829,3.7590386441650314,2.1558018747798493
no_mobility,1,0.9032618337851598,0.9644867591995111,4.318163623276221,2.516836351256903
no_mobility,2,0.9227752289880254,0.9687046759300463,4.37526835934132,2.551440702050584
no_mobility,3,0.9239277126032845,0.9658713163198704,4.459265686061088,2.6453243616683517
no_mobility,4,0.9077683362724024,0.9655356053509113,4.710893418361641,2.7658448102828403
