model_type,week,R2_testing,R2_training,MAE_testing,MAE_training
mobility,1,0.9810880984118112,0.9911899089856308,1.0743688871251118,0.5865290327621547
mobility,2,0.9679309613834165,0.9900668567699883,1.2686701400265372,0.6773016044643678
mobility,3,0.9746073265427015,0.986796634933164,1.3611024365769735,0.7213459815761675
mobility,4,0.9581028242460544,0.9898502523459876,1.3976295872105697,0.7491608557050328
no_mobility,1,0.9678564798436908,0.9938815289402423,1.047792508703489,0.5578934537351324
no_mobility,2,0.9783746827196438,0.9923850001738653,1.211635387234042,0.6529870846577311
no_mobility,3,0.9750364881667145,0.9910638193708662,1.2916974740383635,0.6997160441440823
no_mobility,4,0.9727413511700331,0.991876134024886,1.3564549891451756,0.7360796079072757
