model_type,week,R2_testing,R2_training,MAE_testing,MAE_training
mobility,1,0.9267869895286026,0.9728920065499315,3.329826688028849,1.899928386197752
mobility,2,0.9346311002203535,0.9750323523024469,3.461641097121932,1.959692381015212
mobility,3,0.9279579576790074,0.9748250603002053,3.5387972213086023,1.9914684811806946
mobility,4,0.9365204181016867,0.9656064815323763,3.670683527594421,2.1108074020559067
no_mobility,1,0.9102794415425273,0.9686237274277977,4.403531154364626,2.548482657828916
no_mobility,2,0.9197317113413451,0.9672979774560767,4.527508944099016,2.6069527981834164
no_mobility,3,0.922605722838773,0.968838465244804,4.563267226158992,2.672562549040528
no_mobility,4,0.9252919932312598,0.9671392967150408,4.816599322529349,2.7781711037878956
