model_type,week,R2_testing,R2_training,MAE_testing,MAE_training
mobility,1,0.8866729367934064,0.9746580194248012,3.4424833092490776,1.9153822593381422
mobility,2,0.9422587497495754,0.9708802914777005,3.4458118758354113,1.976340104922086
mobility,3,0.9263367827283504,0.9735342296610375,3.523677816267863,2.0094741787012858
mobility,4,0.8681256921580869,0.9680201579910125,3.734112510288136,2.122812532559844
no_mobility,1,0.9220193854123637,0.9659692491208883,4.350826584934004,2.5552017095160595
no_mobility,2,0.8974970223481843,0.9674289416212385,4.512986326280782,2.6018007003391874
no_mobility,3,0.9210483141019538,0.962409847349065,4.578883113455908,2.6879850263191276
no_mobility,4,0.913845031691316,0.9639992979648482,4.75451734323134,2.791741487458047
