model_type,week,R2_testing,R2_training,MAE_testing,MAE_training
mobility,1,0.8946089071239663,0.9541551755220734,3.899971857166608,2.228010323788281
mobility,2,0.9803449782549345,0.9916115962936337,1.4449957181623172,0.8102323342296762
mobility,3,0.872400729116155,0.9439696144314487,4.319896990269657,2.4572979244650988
mobility,4,0.8277330668104201,0.9417154463345162,4.507811078060658,2.605397031477093
no_mobility,1,0.8560232678448989,0.9416691054344721,4.93700191324656,2.8649759846694205
no_mobility,2,0.9838465789531433,0.9932174248272129,1.4029964125230565,0.8003077847095891
no_mobility,3,0.8381469700226178,0.9311813127797004,5.353996014517843,3.1654347727248204
no_mobility,4,0.8412753810727981,0.9250954464154576,5.598625337642419,3.3861742392174414
