model_type,week,R2_testing,R2_training,MAE_testing,MAE_training
mobility,1,0.922341643889774,0.971975391392909,3.3596943360248677,1.914422301301524
mobility,2,0.9300057742413931,0.9741011207699297,3.4513167398162445,1.9480866655039153
mobility,3,0.9241631853966668,0.9748315985272833,3.5258781951727394,2.0112341933594884
mobility,4,0.889514227828903,0.9734206141025097,3.7500190303663836,2.0817544075061956
no_mobility,1,0.9083854927119773,0.967419845642796,4.4020664098491995,2.4926358000860054
no_mobility,2,0.9242729750749752,0.9664206217011049,4.352353641070804,2.5437699171806316
no_mobility,3,0.9250431392772549,0.9643098951864559,4.476524376731544,2.6376027955570036
no_mobility,4,0.9171316077749694,0.9663280085017669,4.639464063193623,2.7156766412075672
